State_Abrvtn,Pltfrm,Aplctn_Sbmtd,Indvdl_Aplctn_Sbmtd,QHP_Elgbl,FA_Elgbl,MC_Elgbl,Cnsmr,New_Cnsmr,Tot_Renrl,Actv_Renrl,Auto_Renrl,Actv_Renrl_Sw,Actv_Renrl_Nsw,Wk_1,Wk_2,Wk_3,Wk_4,Wk_5,Wk_6,Fnl_Snpsht,Avg_Prm,Avg_Prm_Aftr_APTC,Cnsmr_Wth_APTC_CSR,CSR_Cnsmr,CSR_Cnsmr_73,CSR_Cnsmr_87,CSR_Cnsmr_94,CSR_Cnsmr_AIAN,APTC_Cnsmr,APTC_Cnsmr_Avg_APTC,APTC_Cnsmr_Avg_Prm_Aftr_APTC,Age_0_17,Age_18_25,Age_26_34,Age_35_44,Age_45_54,Age_55_64,Age_GE65,Male,Female,AIAN,ASN,NHPI,BLACK,WHT,Othr_Race,Mlt_Race,Unk_Race,Hspnc_Yes,Hspnc_No,Unk_Ethncty,Rrl,Non_Rrl,Ctstrphc,Brnz,Slvr,Gld,Pltnm,FPL_NFA,FPL_100_150,FPL_150_200,FPL_200_250,FPL_250_300,FPL_300_400,FPL_Other,Dntl_Cnsmr,Dntl_Age_0_17,Dntl_Age_18_25,Dntl_Age_26_34,Dntl_Age_35_44,Dntl_Age_45_54,Dntl_Age_55_64,Dntl_Age_GE65,BHP_Enrlmnt ,BHP_New_Enrl,BHP_Renrl ,BHP_Age_0_17,BHP_Age_18_25,BHP_Age_26_34,BHP_Age_35_44,BHP_Age_45_54,BHP_Age_55,BHP_Male,BHP_Female
AK,HC.gov,"17,121","25,879","21,331","16,353","5,055","18,184","3,927","14,257","10,117","4,140","2,909","7,208","1,595","1,641","1,527","1,012","1,761","10,596",52,$697 ,$197 ,"14,571","3,600",176,"1,338","1,302",784,"14,426",$631 ,$91 ,"2,630","1,141","3,269","3,287","3,077","4,513",267,"8,542","9,642",706,"1,337",68,181,"11,687",265,757,"3,183",870,"15,128","2,186","9,077","9,107",+,"8,461","3,099","6,624",+,"2,300","1,873","3,759","3,496","2,763","3,167",826,"3,141",177,193,815,685,539,694,38,+,+,+,+,+,+,+,+,+,+,+
AL,HC.gov,"154,415","214,422","199,564","165,219","15,135","169,119","36,430","132,689","94,805","37,884","13,453","81,352","20,642","15,844","13,299","8,375","18,112","92,127",720,$729 ,$122 ,"153,238","117,145","14,387","33,705","68,513",540,"152,933",$672 ,$73 ,"3,861","18,222","31,191","31,863","35,650","47,340",992,"69,926","99,193",820,"9,618",45,"29,923","98,653","1,705","3,065","25,290","4,708","147,222","17,189","47,353","121,766","2,146","21,997","137,734","7,242",+,"3,975","73,286","38,699","21,008","11,778","12,892","7,481","55,098",356,"6,100","12,048","11,526","11,389","13,261",418,+,+,+,+,+,+,+,+,+,+,+
AR,HC.gov,"65,348","96,678","78,453","64,028","20,374","66,094","13,645","52,449","30,084","22,365","8,808","21,276","5,296","4,743","4,668","3,046","5,871","42,279",191,$546 ,$187 ,"56,618","35,936","8,438","16,031","10,815",652,"56,339",$420 ,$135 ,"5,953","5,323","9,772","10,374","12,520","21,457",695,"29,023","37,071",447,"2,318",242,"3,949","39,943",643,"1,139","17,413","2,678","55,080","8,336","25,225","40,869",+,"18,289","46,112","1,693",+,"4,412","12,589","19,702","12,932","7,492","6,976","1,991","9,074","1,186",688,"1,527","1,642","1,532","2,352",147,+,+,+,+,+,+,+,+,+,+,+
AZ,HC.gov,"129,480","204,138","183,405","136,449","25,131","154,504","31,137","123,367","79,908","43,459","34,302","45,606","12,044","11,459","11,565","7,378","15,591","96,228",239,$581 ,$219 ,"120,169","65,729","17,589","27,279","19,973",888,"119,693",$466 ,$130 ,"22,959","12,124","18,804","20,483","27,386","50,900","1,848","70,479","84,025",820,"11,481",157,"2,901","88,185","4,066","4,136","42,758","24,769","108,823","20,912","15,016","139,488",897,"60,671","88,493","4,443",+,"23,735","21,642","34,615","31,666","17,784","19,323","5,739","22,051","2,843","1,572","3,851","3,764","3,776","5,969",276,+,+,+,+,+,+,+,+,+,+,+
CA,SBM,"2,967,704","5,848,908","2,212,862","1,722,290",NR,"1,625,546","249,279","1,376,267","438,515","937,752",NR,NR,"987,555","435,961","11,156","15,679","-15,686","21,833","169,048",$571 ,$187 ,"1,416,420","686,052",NR,NR,NR,NR,"1,415,206",$443 ,$146 ,"110,069","150,707","289,702","252,771","329,938","477,816","14,543","783,224","841,584","3,681","318,670","1,547","33,391","449,586",NR,"32,357","429,359","356,955",NR,NR,NR,NR,"22,442","495,299","899,926","149,744","58,135",NR,"259,554","466,074","250,012","214,494","223,528","211,884","262,275","12,188","22,741","62,911","47,009","49,645","65,163","2,618",+,+,+,+,+,+,+,+,+,+,+
CO,SBM,"149,185","275,645","256,789","128,499",NR,"179,607","30,733","148,874","67,130","81,744",NR,NR,"8,879","10,905","11,339","11,534","104,478","6,899","25,573",$459 ,$228 ,"123,801","50,477",NR,NR,NR,NR,"122,518",$336 ,$152 ,"18,337","12,721","31,825","29,522","30,194","48,199","8,809","86,325","93,282",NR,NR,NR,NR,NR,NR,+,NR,NR,NR,NR,NR,NR,"3,105","92,485","70,176","13,841",+,NR,"15,824","33,063","25,690","23,892","31,492","49,646","46,043","4,550","2,662","11,703","9,008","6,992","8,904","2,224",+,+,+,+,+,+,+,+,+,+,+
CT,SBM,"216,699","377,388","117,157","81,224","296,412","104,946","19,056","85,890","22,511","63,379",NR,NR,"6,961","6,644","40,632","35,810","2,591","3,934","8,374",$692 ,$241 ,"72,624","43,882",NR,NR,NR,NR,"72,537",$652 ,$87 ,"7,192","8,938","15,423","14,011","20,654","36,444","2,284","48,766","56,180",74,"5,062",39,"4,204","51,693",NR,"1,426","31,627","10,821",NR,NR,NR,NR,"2,005","45,732","49,097","8,112",+,NR,"7,700","17,403","14,042","11,377","17,812","36,612","4,060",246,345,885,693,727,"1,029",135,+,+,+,+,+,+,+,+,+,+,+
DC,SBM,"19,713","24,893","18,746","1,173","6,137","16,947","3,215","13,732",933,"12,799",NR,NR,"16,612",-61,-20,28,59,88,241,$541 ,$508 ,"1,196",396,NR,NR,NR,NR,"1,193",$435 ,$206 ,"1,728",981,"5,165","3,800","2,610","2,459",204,"8,247","8,700",4,"1,065",9,"3,029","6,924",NR,212,"5,452",252,NR,NR,NR,NR,788,"4,845","4,252","4,080","2,982",NR,65,105,458,378,341,"15,600","4,276",303,199,"1,369","1,105",631,497,172,+,+,+,+,+,+,+,+,+,+,+
DE,HC.gov,"22,267","33,515","29,704","22,655","4,624","25,320","4,961","20,359","12,973","7,386","4,022","8,951","2,463","1,976","1,963","1,346","2,615","14,897",60,$675 ,$211 ,"20,546","6,444",591,"3,382","2,452",19,"20,532",$572 ,$119 ,"2,992","1,885","3,717","3,805","4,508","8,045",368,"11,408","13,912",47,"2,238",12,"2,381","14,036",424,575,"5,607","1,519","21,039","2,762","6,201","19,119",197,"7,956","7,087","9,359",721,"2,994","2,905","5,478","4,790","3,620","4,449","1,084","3,761",228,280,717,675,726,"1,059",76,+,+,+,+,+,+,+,+,+,+,+
FL,HC.gov,"1,711,740","2,439,280","2,372,913","2,133,021","67,366","2,120,350","511,082","1,609,268","1,247,066","362,202","746,200","500,866","235,780","243,245","227,661","164,675","247,839","996,224","4,926",$599 ,$104 ,"1,991,962","1,333,455","41,805","214,242","1,076,206","1,202","1,990,718",$527 ,$73 ,"162,749","246,078","299,245","359,959","461,964","546,073","44,282","958,248","1,162,102","1,811","60,891",875,"127,057","618,957","38,926","24,937","1,246,896","448,381","776,977","894,992","64,041","2,056,309","4,766","679,527","1,371,697","53,131","11,229","56,911","1,300,423","337,400","182,461","99,511","98,039","45,605","197,876","13,710","20,359","34,692","36,929","41,046","48,365","2,775",+,+,+,+,+,+,+,+,+,+,+
GA,HC.gov,"429,937","640,232","605,734","492,611","35,394","517,113","138,008","379,105","287,094","92,011","134,717","152,377","59,448","56,544","49,937","32,161","56,168","260,383","2,472",$583 ,$136 ,"453,560","328,513","19,586","69,587","238,903",437,"452,914",$511 ,$81 ,"37,893","61,543","80,469","89,187","112,492","127,144","8,385","226,598","290,515",582,"67,984",200,"81,815","161,935","7,184","8,169","189,244","38,507","366,827","111,779","70,154","446,959","3,719","117,377","357,441","37,508","1,068","32,132","268,516","89,631","43,797","31,787","30,703","20,547","65,064","3,836","6,801","12,925","12,653","13,673","14,379",797,+,+,+,+,+,+,+,+,+,+,+
HI,HC.gov,"23,561","32,161","26,492","20,535","6,790","22,903","4,981","17,922","11,173","6,749","3,012","8,161","2,073","1,935","1,788","1,315","2,335","13,312",145,$624 ,$191 ,"18,335","8,143",430,"2,032","5,613",68,"18,277",$543 ,$114 ,"1,124","1,421","3,159","4,506","5,110","7,169",414,"9,889","13,014",60,"6,814",973,111,"6,870","2,789","2,839","2,447","1,119","20,045","1,739","7,672","15,231",270,"6,019","8,724","6,040","1,850","2,122","3,290","5,092","3,563","1,803","2,316","4,717","7,765",480,388,"1,176","1,473","1,684","2,438",126,+,+,+,+,+,+,+,+,+,+,+
IA,HC.gov,"55,392","78,018","68,153","55,281","11,301","59,228","11,285","47,943","34,238","13,705","25,717","8,521","5,057","5,085","5,132","3,624","7,055","33,488",-213,$656 ,$168 ,"50,410","15,374","1,575","7,649","6,033",117,"50,357",$575 ,$102 ,"3,004","4,211","9,291","9,501","10,355","22,271",595,"27,305","31,923",111,"1,922",90,904,"40,842",508,640,"14,211","1,833","48,571","8,824","28,590","30,638",336,"22,730","16,781","19,381",+,"5,114","7,468","14,215","11,267","7,806","11,649","1,709","10,395",503,722,"2,127","2,008","1,863","3,052",120,+,+,+,+,+,+,+,+,+,+,+
ID,SBM,"100,101","133,182","131,772","88,136",NR,"68,832","11,679","57,153","21,141","36,012",NR,NR,"63,411",99,433,58,326,851,"3,654",NR,NR,"53,883","16,582",NR,NR,NR,NR,"53,710",NR,NR,"13,168","6,083","9,952","10,696","10,137","18,072",134,"31,734","36,508",667,911,43,504,"51,812",NR,+,"14,889",6,NR,NR,NR,NR,443,"44,832","19,027","4,530",+,NR,NR,NR,NR,NR,NR,NR,"10,301","3,172",718,"1,856","1,841","1,204","1,330",94,+,+,+,+,+,+,+,+,+,+,+
IL,HC.gov,"271,261","389,505","337,034","266,178","62,165","291,215","56,806","234,409","153,279","81,130","55,493","97,786","22,026","21,255","22,450","16,100","30,631","178,697",56,$625 ,$244 ,"237,891","118,405","17,887","48,504","51,704",310,"237,164",$467 ,$178 ,"18,385","22,349","50,067","46,276","55,449","94,021","4,668","136,604","154,611",407,"31,258",98,"12,379","169,882","5,162","5,036","66,993","23,402","228,448","39,365","39,235","251,980","1,261","124,708","144,020","21,226",+,"29,408","56,962","72,436","45,124","29,052","43,146","15,087","63,839","4,300","4,462","13,192","11,423","11,815","17,712",935,+,+,+,+,+,+,+,+,+,+,+
IN,HC.gov,"117,980","180,501","160,032","110,348","24,159","136,593","24,397","112,196","73,990","38,206","28,748","45,242","11,284","9,913","10,141","7,313","14,348","84,036",-442,$583 ,$281 ,"96,548","52,672","11,016","23,971","17,554",131,"96,159",$428 ,$172 ,"14,106","10,035","18,414","20,711","24,416","47,807","1,104","62,688","73,905",148,"7,507",34,"4,217","86,754","1,176","1,859","34,898","4,617","112,255","19,721","34,094","102,499",+,"53,423","79,054","4,116",+,"28,591","19,845","29,790","18,954","16,587","17,362","5,464","13,256","1,326",875,"2,171","2,561","2,490","3,635",198,+,+,+,+,+,+,+,+,+,+,+
KS,HC.gov,"75,495","113,292","105,882","84,330","7,695","88,627","18,547","70,080","51,220","18,860","20,206","31,014","8,437","7,632","7,098","5,220","10,059","50,051",130,$628 ,$180 ,"76,272","38,235","3,254","10,572","23,521",888,"76,072",$522 ,$116 ,"8,218","8,509","14,582","14,802","14,888","26,785",843,"40,349","48,278",605,"4,776",38,"2,549","55,678","1,211","2,238","21,532","6,268","69,887","12,472","31,386","57,241",622,"30,158","41,381","16,466",+,"5,825","29,859","17,565","12,572","9,352","9,203","4,251","12,357",635,"1,063","2,712","2,551","2,114","3,182",100,+,+,+,+,+,+,+,+,+,+,+
KY,HC.gov,"74,431","109,978","93,871","70,749","18,533","77,821","14,744","63,077","42,956","20,121","15,048","27,908","7,339","6,386","6,229","4,089","8,453","45,521",-196,$605 ,$199 ,"61,973","27,863","6,433","13,123","8,243",64,"61,846",$511 ,$119 ,"8,210","5,466","11,041","12,052","14,097","26,218",737,"35,256","42,565",107,"3,208",16,"2,330","53,342",579,984,"17,255","1,841","65,524","10,456","34,323","43,498",535,"37,670","34,989","4,627",+,"9,930","10,324","19,192","15,376","9,797","10,537","2,665","9,878",488,741,"1,957","1,854","1,828","2,875",135,+,+,+,+,+,+,+,+,+,+,+
LA,HC.gov,"81,063","117,219","98,068","80,305","21,894","83,159","15,992","67,167","44,477","22,690","11,024","33,453","7,548","7,016","6,740","4,520","8,498","48,855",-18,$741 ,$189 ,"73,174","40,627","6,740","17,534","16,142",211,"73,054",$628 ,$126 ,"6,104","5,742","12,496","13,624","16,189","27,978","1,026","36,174","46,985",327,"6,435",24,"9,770","42,419","1,013","1,392","21,779","3,155","64,128","15,876","13,716","69,443",+,"27,889","48,871","6,399",+,"5,017","18,048","22,929","13,197","11,102","10,800","2,066","13,919",277,919,"2,869","2,924","2,832","3,942",156,+,+,+,+,+,+,+,+,+,+,+
MA,SBM,"643,566","1,206,670","683,787","356,345","471,036","294,097","32,597","261,500","52,394","209,106",NR,NR,"9,468","7,645","124,990","142,034","1,634","1,968","6,358",$435 ,$228 ,"217,476","189,111",NR,NR,NR,NR,"214,301",$285 ,$150 ,"10,430","27,283","66,016","60,240","58,057","68,354","3,717","134,722","159,375",165,"27,024",180,"18,257","134,998",NR,"9,470","96,840","7,163",NR,NR,NR,NR,919,"39,982","240,418","9,360","3,418",NR,"34,157","63,787","55,392","37,798","25,017","77,946","30,432","2,740","2,856","5,582","4,572","4,131","5,536","5,015",+,+,+,+,+,+,+,+,+,+,+
MD,SBM,"312,504","626,475","277,183","165,591","242,584","166,038","26,497","139,541","31,438","108,103",NR,NR,"152,369","1,003","1,550","1,078",505,"3,283","6,250",$439 ,$182 ,"122,057","47,675",NR,NR,NR,NR,"121,743",$373 ,$100 ,"8,313","14,950","31,732","28,716","31,774","43,296","7,257","73,198","92,840",519,"22,271",471,"27,826","55,916",NR,+,"41,166","17,869",NR,NR,NR,NR,"3,545","39,774","54,744","65,815","2,160",NR,"15,818","33,946","22,356","14,219","17,973","61,726","9,711","1,634","1,116","2,069","1,299","1,123","1,213","1,257",+,+,+,+,+,+,+,+,+,+,+
ME,HC.gov,"49,545","74,578","68,543","54,004","8,112","59,738","9,680","50,058","34,978","15,080","11,466","23,512","4,867","4,134","4,594","3,007","6,115","37,198",-177,$558 ,$187 ,"48,266","19,039","4,754","8,302","5,844",139,"48,179",$459 ,$120 ,"7,782","3,717","8,713","8,779","10,377","20,077",293,"27,677","32,061",*,"1,094",*,357,"46,992",374,841,"9,940",735,"52,373","6,630","32,614","27,124",837,"32,744","23,844","2,313",+,"6,697","7,192","12,533","11,995","9,075","10,182","2,064","11,493","1,621",651,"2,475","2,115","1,896","2,651",84,+,+,+,+,+,+,+,+,+,+,+
MI,HC.gov,"219,522","336,229","302,887","241,253","39,574","267,070","50,614","216,456","143,865","72,591","53,468","90,397","21,486","21,313","21,489","14,718","26,956","160,931",177,$480 ,$192 ,"217,199","95,743","19,074","38,261","37,402","1,006","216,309",$356 ,$143 ,"31,516","20,100","38,597","38,544","47,111","88,524","2,678","125,965","141,105",852,"10,618",83,"8,838","149,521","2,754","3,866","90,538","5,584","201,119","60,367","61,997","205,073","3,211","133,892","117,135","12,725",107,"25,744","46,294","59,352","52,705","34,641","38,339","9,995","59,063","7,283","4,128","11,960","10,852","10,118","14,086",636,+,+,+,+,+,+,+,+,+,+,+
MN,SBM,"206,883","323,890","276,878","115,636","33,111","112,804","21,720","91,084","14,091","76,993",NR,NR,"97,650",453,419,"1,312",688,850,"11,432",$439 ,$302 ,"56,458","9,945",NR,NR,NR,NR,"56,059",$276 ,$275 ,"12,953","8,043","15,684","16,099","17,933","41,469",623,"54,901","57,903",402,"2,113",28,"1,664","65,236",NR,"1,166","40,790","1,405",NR,NR,NR,NR,"3,279","60,345","32,341","16,839",+,NR,193,450,"23,290","17,788","23,291","47,792","19,735","2,107","1,465","4,879","3,617","2,999","4,443",225,"91,886",NR,NR,"1,413","12,207","19,302","19,905","15,072","23,987","39,246","52,640"
MO,HC.gov,"189,253","269,167","251,765","199,171","17,934","215,311","45,886","169,425","120,017","49,408","57,479","62,538","19,858","18,854","18,097","12,410","23,465","122,504",123,$639 ,$172 ,"182,128","117,429","13,166","33,217","70,188",858,"181,692",$553 ,$102 ,"14,693","20,419","34,719","36,172","40,258","67,446","1,604","97,933","117,378",743,"9,178",93,"9,616","122,415","1,722","3,487","68,057","5,198","165,133","44,980","61,255","154,056","1,617","68,226","138,862","6,606",+,"18,142","84,956","44,620","25,266","14,325","19,153","8,849","27,865","1,585","2,399","5,979","5,640","4,926","7,139",197,+,+,+,+,+,+,+,+,+,+,+
MS,HC.gov,"101,974","132,983","127,421","111,888","5,713","110,966","29,323","81,643","52,811","28,832","36,900","15,911","12,230","10,973","9,933","6,790","10,427","60,166",447,$622 ,$110 ,"104,762","83,836","5,951","15,559","62,241",85,"104,656",$543 ,$81 ,"4,475","14,332","16,604","19,847","23,813","30,850","1,045","42,973","67,993",102,"4,474",18,"21,997","26,230",744,707,"56,694","1,506","75,187","34,273","67,375","43,591",+,"19,026","91,217",723,+,"1,030","73,059","18,679","8,801","3,929","2,835","2,633","8,230",560,927,"1,275","1,539","1,650","2,199",80,+,+,+,+,+,+,+,+,+,+,+
MT,HC.gov,"40,276","61,283","51,573","40,434","10,632","44,711","8,002","36,709","25,984","10,725","7,869","18,115","3,221","3,714","3,764","2,160","5,011","26,843",-2,$571 ,$196 ,"36,274","12,170","1,806","5,811","3,288","1,265","35,789",$469 ,$120 ,"4,312","3,110","7,504","7,731","7,446","14,379",229,"21,256","23,455","1,180",576,16,77,"35,223",304,980,"6,355","1,062","40,137","3,512","33,021","11,690",258,"28,201","12,674","3,578",+,"4,710","4,419","9,828","7,881","6,998","9,215","1,660","9,303",985,607,"1,861","1,819","1,545","2,427",59,+,+,+,+,+,+,+,+,+,+,+
NC,HC.gov,"442,090","638,588","612,536","517,679","27,402","535,803","121,392","414,411","297,318","117,093","129,002","168,316","51,780","49,754","42,259","28,518","57,158","306,801",-467,$633 ,$125 ,"480,586","261,799","18,778","67,695","174,322","1,004","479,863",$567 ,$82 ,"47,196","53,665","88,648","90,692","107,730","142,924","4,948","235,598","300,205","2,339","25,437",183,"49,561","260,591","7,298","8,936","181,458","29,988","403,064","102,751","136,373","399,430","8,212","192,736","276,595","58,260",+,"23,131","207,741","101,550","76,952","49,483","56,310","20,636","77,601","2,404","6,623","18,036","16,472","15,800","17,503",763,+,+,+,+,+,+,+,+,+,+,+
ND,HC.gov,"15,312","27,332","25,277","20,938","2,526","22,709","4,283","18,426","13,459","4,967","4,142","9,317","1,853","2,099","2,082","1,415","2,524","12,740",-4,$485 ,$135 ,"19,032","6,645",702,"3,605","1,724",614,"18,926",$420 ,$84 ,"5,508","1,762","3,618","3,393","2,866","5,455",107,"11,097","11,612",568,530,12,351,"16,378",135,473,"4,262",483,"19,523","2,703","14,401","8,308",376,"9,001","6,640","6,692",+,"1,781","2,161","6,030","4,647","3,356","3,910",824,"2,460",259,193,626,519,354,496,13,+,+,+,+,+,+,+,+,+,+,+
NE,HC.gov,"65,044","107,181","97,231","87,287","13,856","88,688","13,425","75,263","56,349","18,914","25,285","31,064","7,767","8,450","8,428","5,864","11,073","47,180",-74,$722 ,$95 ,"82,379","24,221","1,538","8,974","13,127",582,"82,307",$676 ,$54 ,"14,500","8,588","14,433","14,809","13,737","22,129",492,"42,577","46,111",487,"2,176",33,"1,298","57,747",726,"1,252","24,969","4,591","68,157","15,940","46,415","42,273",437,"45,989","25,004","17,258",+,"3,003","18,283","17,319","18,047","13,153","17,347","1,536","10,593","1,831",893,"2,265","2,046","1,615","1,880",63,+,+,+,+,+,+,+,+,+,+,+
NH,HC.gov,"40,751","58,475","53,338","35,040","6,157","46,670","8,926","37,744","24,922","12,822","7,519","17,403","4,014","3,826","3,724","2,633","4,664","27,823",-14,$446 ,$236 ,"30,039","15,261","4,012","7,020","4,204",25,"29,861",$328 ,$148 ,"3,608","3,476","7,517","6,653","8,593","16,473",350,"21,854","24,816",41,"1,675",15,249,"31,180",517,593,"12,400","1,231","38,070","7,369","19,819","26,851",871,"19,459","22,426","3,914",+,"10,918","4,660","8,894","7,124","4,869","7,765","2,440","7,745",742,536,"1,683","1,301","1,349","2,057",77,+,+,+,+,+,+,+,+,+,+,+
NJ,SBM,"260,468","360,539","319,696","240,428","39,172","269,560","75,749","193,811","33,855","159,956",NR,NR,"214,648","3,531","3,232","2,174","4,243","6,375","35,357",$575 ,$228 ,"213,233","128,822",NR,NR,NR,NR,"212,921",$439 ,$163 ,"19,366","23,286","44,995","40,374","53,985","81,114","6,440","125,147","144,413",119,"39,122",171,"14,582","136,076",NR,"10,069","40,201","29,220",NR,NR,NR,NR,"1,953","60,603","202,673","4,331",+,NR,"40,389","64,838","43,249","29,750","40,075","51,259","74,007","6,462","6,401","15,656","12,584","14,190","17,290","1,424",+,+,+,+,+,+,+,+,+,+,+
NM,HC.gov,"39,871","55,675","49,714","35,856","7,114","42,984","9,518","33,466","24,347","9,119","10,484","13,863","4,291","3,925","3,987","2,498","4,721","23,526",36,$463 ,$195 ,"31,274","13,744","1,872","6,445","4,826",601,"31,070",$371 ,$117 ,"3,083","2,690","5,269","6,076","8,311","16,734",821,"19,548","23,436",565,"1,729",24,380,"22,408","1,628","1,059","15,191","13,608","23,347","6,029","13,128","29,856",79,"16,636","15,289","10,980",+,"7,151","5,784","10,062","6,923","5,173","5,571","2,320","9,797",737,540,"1,698","1,766","1,797","3,097",162,+,+,+,+,+,+,+,+,+,+,+
NV,SBM,"65,308","119,597","95,521","76,294","4,527","81,903","25,297","56,606","19,186","37,420",NR,NR,"61,946","1,315","2,145",866,"1,798","1,848","11,985",NR,NR,"69,599","40,388",NR,NR,NR,NR,"69,488",NR,NR,"11,147","5,957","11,507","12,819","15,022","23,640","1,801","38,238","43,665",403,"17,011",340,"3,175","37,872",NR,+,"15,079","8,023",NR,NR,NR,NR,501,"31,837","46,446","3,119",+,NR,"21,197","19,252","14,446","7,052","6,335","13,621","17,977","3,215","1,342","3,731","3,318","2,860","3,244",267,+,+,+,+,+,+,+,+,+,+,+
NY,SBM,"616,151","1,031,329","321,708","134,377",NR,"215,889","34,081","181,808","70,375","111,433",NR,NR,"1,068","1,039","144,632","8,045","13,737","16,288","31,080",$656 ,$256 ,"112,013","41,094",NR,NR,NR,NR,"112,013",$326 ,NR,"9,506","15,880","37,615","35,682","43,641","71,001","2,564","105,403","110,486",878,"22,689",304,"12,150","138,793",NR,+,"38,885","18,295",NR,NR,NR,NR,"3,899","88,220","79,241","26,367","18,162",NR,379,395,"40,126","32,431","38,515","104,043","19,170",831,"1,371","4,381","3,710","3,768","4,959",150,"883,451","33,608","849,843",0,"118,151","207,027","206,138","190,322","161,813","407,956","475,495"
OH,HC.gov,"180,710","265,941","237,115","171,645","33,798","201,069","41,091","159,978","108,211","51,767","45,082","63,129","15,074","13,700","15,107","10,907","21,256","125,123",-98,$524 ,$243 ,"149,432","61,594","14,271","27,680","19,516",127,"148,972",$379 ,$163 ,"22,769","13,803","29,061","27,203","33,630","72,831","1,772","92,676","108,393",180,"9,658",51,"8,350","125,998","1,792","3,038","52,002","4,513","165,231","31,325","42,011","159,058","2,488","109,865","79,696","9,020",+,"33,805","25,953","43,710","39,602","24,447","26,151","7,401","26,786","2,808","1,692","5,214","4,764","4,657","7,294",357,+,+,+,+,+,+,+,+,+,+,+
OK,HC.gov,"133,423","205,490","196,795","171,320","9,218","171,551","33,721","137,830","87,450","50,380","34,866","52,584","13,689","13,183","13,243","9,356","18,662","102,979",439,$623 ,$106 ,"158,457","95,262","6,468","18,211","44,325","26,258","156,190",$568 ,$61 ,"20,298","18,163","27,885","30,970","30,713","42,087","1,435","77,184","94,367","21,311","7,300",149,"5,013","78,236","1,822","8,028","49,692","9,781","120,271","41,499","70,240","101,311",822,"69,297","75,333","26,099",+,"4,895","64,328","34,811","29,727","17,543","14,493","5,754","34,359","5,245","3,154","6,363","6,584","5,612","7,170",231,+,+,+,+,+,+,+,+,+,+,+
OR,HC.gov,"130,436","186,928","161,744","113,069","29,413","141,089","26,330","114,759","83,702","31,057","27,208","56,494","13,329","13,086","11,829","7,365","15,599","79,638",243,$562 ,$246 ,"99,414","41,368","8,908","19,294","12,164","1,002","98,805",$451 ,$150 ,"10,895","9,022","22,954","25,249","26,772","44,584","1,613","63,357","77,732",760,"9,764","1,159","1,290","91,348","2,011","4,522","30,235","7,936","117,837","15,316","29,246","111,843",687,"64,194","57,632","18,576",+,"25,580","12,968","28,469","22,704","16,752","25,855","8,761","33,413","2,151","2,154","7,983","7,492","6,008","7,321",304,+,+,+,+,+,+,+,+,+,+,+
PA,SBM,"285,181","403,138","373,771","311,171","28,685","337,722","75,234","262,488","55,699","206,789",NR,NR,"281,441","1,837","3,764","2,962","6,109","8,995","32,614",$622 ,$184 ,"287,430","131,625",NR,NR,NR,NR,"287,264",$515 ,$131 ,"17,539","24,098","53,593","52,094","64,278","121,759","4,361","157,036","180,686",184,"27,585",82,"12,952","218,890",NR,"9,256","64,730","4,043",NR,NR,NR,NR,"2,092","91,738","154,911","88,981",+,NR,"59,039","87,676","58,601","38,707","48,157","45,542","69,829","2,714","5,338","15,525","12,752","12,958","19,752",790,+,+,+,+,+,+,+,+,+,+,+
RI,SBM,"67,670","103,023","52,529","25,864","12,454","31,174","4,588","26,586","2,357","24,229",NR,NR,"30,450",51,77,136,234,225,1,$455 ,$175 ,"24,758","11,863",NR,NR,NR,NR,"24,714",$354 ,$120 ,"1,479","2,519","5,573","5,693","6,321","8,905",684,"14,421","16,753",56,770,8,"1,024","13,919",NR,149,"12,504","2,744",NR,NR,NR,NR,+,"8,266","12,605","10,037",266,NR,"5,755","7,837","4,927","3,369","3,526","5,760","16,415",661,"1,346","3,256","3,081","3,174","4,240",657,+,+,+,+,+,+,+,+,+,+,+
SC,HC.gov,"192,519","273,841","261,842","221,649","12,508","230,050","54,379","175,671","130,232","45,439","46,923","83,309","22,142","21,851","21,370","13,014","25,154","126,502",17,$583 ,$128 ,"206,089","87,541","6,830","21,383","59,066",262,"205,971",$508 ,$85 ,"19,053","21,956","36,288","36,773","46,214","67,936","1,830","101,035","129,015",386,"8,568",73,"23,407","106,365","2,080","2,997","86,174","7,849","163,635","58,566","40,995","189,055","2,504","117,469","94,746","15,331",+,"9,738","85,826","43,142","35,642","22,743","24,961","7,998","27,372","2,337","2,316","5,960","5,260","5,105","6,245",149,+,+,+,+,+,+,+,+,+,+,+
SD,HC.gov,"24,185","38,476","35,905","31,090","2,663","31,375","5,763","25,612","19,874","5,738","4,870","15,004","2,929","2,817","2,938","1,839","3,776","16,984",92,$698 ,$132 ,"28,579","13,629","2,313","3,876","6,577",863,"28,451",$625 ,$89 ,"4,791","2,786","5,535","5,262","4,514","8,371",116,"14,781","16,594",711,620,13,246,"25,179",205,683,"3,718",805,"28,278","2,292","20,498","10,877",523,"14,995","14,799","1,058",+,933,"8,033","6,107","6,239","4,224","4,736","1,103","3,308",80,282,904,734,533,763,12,+,+,+,+,+,+,+,+,+,+,+
TN,HC.gov,"199,279","282,034","257,956","203,782","25,188","212,052","49,075","162,977","114,456","48,521","55,782","58,674","19,958","19,073","16,393","11,056","21,450","123,544",578,$619 ,$162 ,"182,238","98,344","11,262","28,409","58,308",365,"181,928",$532 ,$101 ,"12,414","17,154","35,416","33,841","43,273","67,790","2,164","96,719","115,333",355,"10,109",77,"15,311","126,670","2,243","3,330","53,957","7,192","168,371","36,489","57,772","154,280",602,"93,272","115,369","2,809",+,"15,034","76,603","44,716","27,330","19,444","19,272","9,653","41,460","1,673","3,468","9,674","8,067","7,959","10,296",323,+,+,+,+,+,+,+,+,+,+,+
TX,HC.gov,"996,098","1,576,277","1,503,206","1,265,674","75,318","1,291,972","354,789","937,183","715,543","221,640","434,007","281,536","128,810","130,073","124,441","88,525","149,236","663,439","7,448",$550 ,$120 ,"1,160,189","718,178","42,743","131,960","539,880","3,595","1,158,417",$479 ,$78 ,"136,627","151,637","183,469","205,322","262,089","320,391","32,437","574,755","717,217","3,713","141,567",553,"61,042","413,716","30,054","22,140","619,187","321,682","602,752","367,538","156,304","1,135,668","7,665","459,801","757,652","66,854",+,"61,140","649,074","220,616","150,681","77,962","72,385","60,114","205,290","26,526","20,275","36,324","36,906","37,579","44,348","3,332",+,+,+,+,+,+,+,+,+,+,+
UT,HC.gov,"119,879","247,339","229,070","200,296","23,581","207,911","38,355","169,556","128,940","40,616","45,110","83,830","23,269","22,698","21,507","12,026","22,595","105,276",540,$405 ,$91 ,"187,350","91,691","9,542","24,962","55,682","1,505","186,984",$349 ,$62 ,"58,524","24,462","36,155","33,824","24,897","28,883","1,166","99,874","108,037","1,291","5,663",552,875,"101,289","2,317","3,296","92,628","14,855","134,302","58,754","33,000","174,911",624,"109,241","95,775","2,271",+,"11,713","59,484","38,457","39,844","24,259","27,109","7,045","32,346","7,899","3,269","7,677","6,143","3,779","3,425",154,+,+,+,+,+,+,+,+,+,+,+
VA,HC.gov,"227,898","353,521","303,047","240,732","58,467","261,943","53,053","208,890","146,882","62,008","53,476","93,406","22,478","21,789","20,886","14,301","29,079","153,373",37,$595 ,$171 ,"219,016","94,515","13,629","38,430","42,155",301,"218,716",$508 ,$100 ,"30,643","23,330","38,690","40,154","49,425","72,916","6,785","119,812","142,131",447,"42,882",152,"22,911","124,629","6,758","6,954","57,210","20,277","209,053","32,613","33,812","228,131","2,287","106,105","104,054","48,183","1,314","23,654","51,418","60,938","51,108","31,009","33,125","10,691","56,708","4,494","4,904","11,470","10,398","10,622","13,535","1,285",+,+,+,+,+,+,+,+,+,+,+
VT,SBM,"31,189","51,936","30,596","22,987","21,337","24,866","2,436","22,430","1,082","21,348",NR,NR,"23,985",-3,-23,-81,77,138,773,"$1,050 ",$461 ,"19,918","7,974",NR,NR,NR,NR,"19,889",$736 ,$294 ,961,"1,990","3,998","4,192","4,943","8,551",231,"11,976","12,889",38,253,6,74,"11,701",NR,+,"12,794",221,NR,NR,NR,NR,243,"7,191","10,430","5,332","1,670",NR,"2,176","6,280","5,061","3,604","3,952","3,793","2,304",117,172,381,370,408,651,205,+,+,+,+,+,+,+,+,+,+,+
WA,SBM,"627,957","1,367,048","277,506","166,709","838,951","222,731","49,224","173,507","34,472","139,035",NR,NR,"185,565","2,466","2,804","2,086","4,134","7,010","18,666",$505 ,$262 ,"135,822","58,564",NR,NR,NR,NR,"135,303",$399 ,$134 ,"15,459","17,789","38,456","38,096","41,570","67,355","4,006","101,353","121,369","1,719","27,237","3,844","4,492","100,634",NR,824,"85,687","10,492",NR,NR,NR,NR,"2,231","110,259","83,810","26,431",+,NR,"19,750","42,605","29,675","20,596","27,823","82,282","63,518","11,095","5,418","13,577","11,211","9,803","11,242","1,172",+,+,+,+,+,+,+,+,+,+,+
WI,HC.gov,"169,192","232,062","215,850","175,152","19,447","191,702","31,173","160,529","119,805","40,724","40,871","78,934","19,655","19,531","18,372","11,953","22,009","100,663",-481,$629 ,$185 ,"160,122","66,235","8,536","23,303","33,337","1,059","159,719",$533 ,$118 ,"10,089","13,082","27,835","27,758","32,669","79,018","1,251","87,790","103,912",831,"6,059",40,"4,605","127,267","1,382","2,364","49,154","6,169","160,588","24,945","73,272","118,430","1,760","91,162","73,468","24,755",557,"19,654","41,201","37,949","29,109","21,206","36,659","5,924","30,964","1,640","2,157","6,971","5,819","5,439","8,702",236,+,+,+,+,+,+,+,+,+,+,+
WV,HC.gov,"21,552","29,886","24,360","19,303","5,960","19,381","3,442","15,939","10,481","5,458","4,098","6,383","1,655","1,419","1,566","1,019","1,924","11,843",-45,"$1,038 ",$323 ,"16,629","8,595","1,877","4,266","2,430",22,"16,605",$835 ,$221 ,930,"1,009","2,280","2,829","3,777","8,366",190,"8,429","10,952",*,529,*,282,"14,130",107,230,"4,089",332,"17,095","1,954","7,974","11,407",81,"6,862","11,437","1,001",+,"1,412","3,028","5,567","3,672","2,287","2,925",490,"2,982",69,153,480,578,582,"1,048",72,+,+,+,+,+,+,+,+,+,+,+
WY,HC.gov,"21,068","33,712","31,450","26,441","2,336","26,728","6,012","20,716","15,611","5,105","5,186","10,425","2,978","2,805","2,214","1,472","2,928","14,287",44,$870 ,$127 ,"24,253","5,367",263,"1,397","3,451",256,"24,216",$820 ,$60 ,"3,898","2,279","4,738","4,491","3,953","7,244",125,"12,170","14,558",202,387,17,109,"19,778",306,629,"5,300","1,521","21,776","3,431","20,599","6,129",+,"4,632","5,457","16,639",+,965,"5,488","4,787","5,492","3,853","5,260",883,"4,971",193,455,"1,364","1,068",843,"1,031",17,+,+,+,+,+,+,+,+,+,+,+
Total,HC.gov,"6,849,368","10,161,816","9,479,261","7,901,765","762,533","8,251,703","1,884,174","6,367,529","4,648,617","1,718,912","2,244,752","2,403,865","818,365","803,741","758,421","523,020","915,118","4,416,057","16,981",$590 ,$144 ,"7,248,974","4,224,347","348,202","1,027,009","2,801,031","48,105","7,234,110",$509 ,$92 ,"765,792","834,591","1,241,445","1,346,802","1,630,269","2,303,129","129,675","3,717,549","4,534,154","44,206","518,380","6,195","516,632","3,612,473","132,930","138,171","3,282,716","1,030,565","5,095,253","2,125,885","1,498,204","6,753,499","50,690","3,029,680","4,600,587","553,900","16,846","523,296","3,364,983","1,568,639","1,081,694","670,965","744,120","298,006","1,211,583","103,467","106,939","241,021","230,550","227,075","287,628","14,903",+,+,+,+,+,+,+,+,+,+,+
Total,SBM,"6,570,279","12,253,661","5,446,501","3,636,724",NR,"3,752,662","661,385","3,091,277","865,179","2,226,098",NR,NR,"2,142,008","472,885","347,130","223,721","124,927","80,585","361,406",NR,NR,"2,926,688","1,464,450",NR,NR,NR,NR,"2,918,859",NR,NR,"257,647","321,225","661,236","604,805","731,057","1,118,434","57,658","1,774,691","1,976,633",NR,NR,NR,NR,NR,NR,NR,NR,NR,NR,NR,NR,NR,"47,445","1,221,408","1,960,097","436,919","86,793",NR,NR,NR,NR,NR,NR,NR,"650,053","52,035","53,490","147,761","116,170","114,613","149,493","16,405","975,337",NR,NR,"1,413","130,358","226,329","226,043","205,394","185,800","447,202","528,135"
Total ,All ,"13,419,647","22,415,477","14,925,762","11,538,489",NR,"12,004,365","2,545,559","9,458,806","5,513,796","3,945,010",NR,NR,"2,960,373","1,276,626","1,105,551","746,741","1,040,045","4,496,642","378,387",NR,NR,"10,175,662","5,688,797",NR,NR,NR,NR,"10,152,969",NR,NR,"1,023,439","1,155,816","1,902,681","1,951,607","2,361,326","3,421,563","187,333","5,492,240","6,510,787",NR,NR,NR,NR,NR,NR,NR,NR,NR,NR,NR,NR,NR,"98,135","4,251,088","6,560,684","990,819","103,639",NR,NR,NR,NR,NR,NR,NR,"1,861,636","155,502","160,429","388,782","346,720","341,688","437,121","31,308","975,337",NR,NR,"1,413","130,358","226,329","226,043","205,394","185,800","447,202","528,135"
